address,tel
สมชาย สมชาย 12/12 xxxx xxxx bangkok 10210,099-999-9999
สมชาย สมชาย 11/11 xxxx  xxxxx bangkok 10510,088-888-8888
สมชาย สมชาย 11/11 xxxx  xxxxx bangkok 10511,088-888-8889
สมชาย สมชาย 11/11 xxxx  xxxxx bangkok 10512,088-888-8890
สมชาย สมชาย 12/12 xxxx xxxx bangkok 10210,099-999-9999
สมชาย สมชาย 11/11 xxxx  xxxxx bangkok 10510,088-888-8888
สมชาย สมชาย 11/11 xxxx  xxxxx bangkok 10511,088-888-8889
สมชาย สมชาย 11/11 xxxx  xxxxx bangkok 10512,088-888-8890
สมชาย สมชาย 12/12 xxxx xxxx bangkok 10210,099-999-9999
สมชาย สมชาย 11/11 xxxx  xxxxx bangkok 10510,088-888-8888
สมชาย สมชาย 11/11 xxxx  xxxxx bangkok 10511,088-888-8889
สมชาย สมชาย 11/11 xxxx  xxxxx bangkok 10512,088-888-8890
สมชาย สมชาย 12/12 xxxx xxxx bangkok 10210,099-999-9999
สมชาย สมชาย 11/11 xxxx  xxxxx bangkok 10510,088-888-8888
สมชาย สมชาย 11/11 xxxx  xxxxx bangkok 10511,088-888-8889
สมชาย สมชาย 11/11 xxxx  xxxxx bangkok 10512,088-888-8890
สมชาย สมชาย 12/12 xxxx xxxx bangkok 10210,099-999-9999
สมชาย สมชาย 11/11 xxxx  xxxxx bangkok 10510,088-888-8888
สมชาย สมชาย 11/11 xxxx  xxxxx bangkok 10511,088-888-8889
สมชาย สมชาย 11/11 xxxx  xxxxx bangkok 10512,088-888-8890